{
  "test_results": {
    "eigendecomposition_stability": {
      "N_4": {
        "condition_number": 79.506591796875,
        "reconstruction_error": 8.306392942358798e-07,
        "eigenvalue_stability": true,
        "max_eigenval_real": -0.9999989867210388,
        "min_eigenval_real": -3.9999990463256836,
        "is_stable": true,
        "success": true
      },
      "N_8": {
        "condition_number": 44071.4609375,
        "reconstruction_error": 8.406049346376676e-06,
        "eigenvalue_stability": true,
        "max_eigenval_real": -0.9999989867210388,
        "min_eigenval_real": -7.999999046325684,
        "is_stable": false,
        "success": true
      },
      "N_16": {
        "condition_number": 57311363072.0,
        "reconstruction_error": 0.0026025651022791862,
        "eigenvalue_stability": true,
        "max_eigenval_real": -0.9999989867210388,
        "min_eigenval_real": -15.999999046325684,
        "is_stable": false,
        "success": true
      },
      "N_32": {
        "condition_number": 15829980160.0,
        "reconstruction_error": 0.0007261029677465558,
        "eigenvalue_stability": true,
        "max_eigenval_real": -0.9999989867210388,
        "min_eigenval_real": -15.999999046325684,
        "is_stable": false,
        "success": true
      },
      "N_64": {
        "condition_number": 82760417280.0,
        "reconstruction_error": 0.0018197312019765377,
        "eigenvalue_stability": true,
        "max_eigenval_real": -0.999998927116394,
        "min_eigenval_real": -15.999999046325684,
        "is_stable": false,
        "success": true
      }
    },
    "parameter_magnitudes": {
      "N_8": {
        "success": true,
        "analysis": {
          "lambda": {
            "real_range": [
              -1.3824472427368164,
              0.4362703263759613
            ],
            "imag_range": [
              -0.6043669581413269,
              0.825096607208252
            ],
            "magnitude_range": [
              0.14751918613910675,
              1.5064775943756104
            ],
            "negative_real_count": 5,
            "stability_check": false
          },
          "B": {
            "magnitude_stats": {
              "min": 0.03583027794957161,
              "max": 2.605752944946289,
              "mean": 0.8942885398864746,
              "std": 0.47587907314300537
            },
            "real_part_stats": {
              "min": 6.122212653281167e-05,
              "max": 2.475670337677002,
              "mean": 0.5792421102523804
            },
            "imag_part_stats": {
              "min": 0.0027976843994110823,
              "max": 2.5995006561279297,
              "mean": 0.557465136051178
            },
            "spectral_norm": 10.397526741027832,
            "frobenius_norm": 22.92206382751465
          },
          "C": {
            "magnitude_stats": {
              "min": 0.014687195420265198,
              "max": 2.5545525550842285,
              "mean": 0.8910057544708252,
              "std": 0.4424435794353485
            },
            "spectral_norm": 10.175957679748535,
            "frobenius_norm": 22.50998306274414
          },
          "D": {
            "range": [
              -2.280813694000244,
              3.139770269393921
            ],
            "mean": 0.05566383898258209,
            "std": 1.042412281036377,
            "norm": 8.351180076599121
          },
          "Delta": {
            "log_range": [
              -1.0291610956192017,
              2.0335981845855713
            ],
            "range": [
              0.3573065996170044,
              7.6415324211120605
            ],
            "log_mean": 0.280438631772995,
            "mean": 2.0630903244018555,
            "geometric_mean": 1.323710322380066
          },
          "stability_warnings": [
            "Some eigenvalues have non-negative real parts",
            "Large timescales (max Delta: 7.641532)"
          ]
        }
      },
      "N_16": {
        "success": true,
        "analysis": {
          "lambda": {
            "real_range": [
              -0.8418099284172058,
              1.4602899551391602
            ],
            "imag_range": [
              -1.349977970123291,
              1.2291374206542969
            ],
            "magnitude_range": [
              0.29401808977127075,
              1.7034718990325928
            ],
            "negative_real_count": 13,
            "stability_check": false
          },
          "B": {
            "magnitude_stats": {
              "min": 0.028413597494363785,
              "max": 2.814614772796631,
              "mean": 0.8803578615188599,
              "std": 0.45057204365730286
            },
            "real_part_stats": {
              "min": 0.00019032209820579737,
              "max": 2.811854124069214,
              "mean": 0.5539520382881165
            },
            "imag_part_stats": {
              "min": 0.00024451877106912434,
              "max": 2.5391433238983154,
              "mean": 0.5670566558837891
            },
            "spectral_norm": 10.836957931518555,
            "frobenius_norm": 31.646772384643555
          },
          "C": {
            "magnitude_stats": {
              "min": 0.02443128079175949,
              "max": 2.762767791748047,
              "mean": 0.8876441717147827,
              "std": 0.4669298231601715
            },
            "spectral_norm": 12.1538724899292,
            "frobenius_norm": 32.09482955932617
          },
          "D": {
            "range": [
              -1.8350043296813965,
              1.8360247611999512
            ],
            "mean": -0.07897816598415375,
            "std": 0.89432692527771,
            "norm": 7.182459354400635
          },
          "Delta": {
            "log_range": [
              -1.9943655729293823,
              2.3443491458892822
            ],
            "range": [
              0.13609996438026428,
              10.426484107971191
            ],
            "log_mean": -0.006332613527774811,
            "mean": 1.942270278930664,
            "geometric_mean": 0.9936873912811279
          },
          "stability_warnings": [
            "Some eigenvalues have non-negative real parts",
            "Large timescales (max Delta: 10.426484)"
          ]
        }
      },
      "N_32": {
        "success": true,
        "analysis": {
          "lambda": {
            "real_range": [
              -1.4654428958892822,
              1.0486763715744019
            ],
            "imag_range": [
              -1.6287237405776978,
              1.7742245197296143
            ],
            "magnitude_range": [
              0.19836753606796265,
              1.8023529052734375
            ],
            "negative_real_count": 18,
            "stability_check": false
          },
          "B": {
            "magnitude_stats": {
              "min": 0.014477716758847237,
              "max": 2.8020994663238525,
              "mean": 0.8773661851882935,
              "std": 0.45423969626426697
            },
            "real_part_stats": {
              "min": 0.000436584057752043,
              "max": 2.7074716091156006,
              "mean": 0.5470778942108154
            },
            "imag_part_stats": {
              "min": 0.00012577213055919856,
              "max": 2.6109261512756348,
              "mean": 0.5701143145561218
            },
            "spectral_norm": 13.004663467407227,
            "frobenius_norm": 44.71088790893555
          },
          "C": {
            "magnitude_stats": {
              "min": 0.041666336357593536,
              "max": 3.104586124420166,
              "mean": 0.8900222778320312,